{"cameraMode":{"drawMode":0,"name":"Shaded","section":"Shading Mode"},"sceneLighting":false,"audioPlay":false,"sceneViewState":{"m_AlwaysRefresh":false,"showFog":true,"showSkybox":false,"showFlares":true,"showImageEffects":true,"showParticleSystems":true,"showVisualEffectGraphs":true,"m_FxEnabled":true},"in2DMode":false,"pivot":{"x":-0.9055173397064209,"y":1.1444501876831055,"z":-1.8484323024749756},"rotation":{"x":0.19393549859523774,"y":0.2739515006542206,"z":-0.0565025694668293,"w":0.9402908086776733},"size":1.4000060558319092,"orthographic":true}